{"training_time": 0.011147799959871918, "test_accuracy": 0.9666666666666667}